Iteration, python, cython,
0,1.69361,0.10162,
1,1.70339,0.10414,
2,1.70795,0.10019,
3,1.73385,0.10142,
4,1.69518,0.10089,
5,1.69241,0.10202,
6,1.69005,0.10095,
7,1.70604,0.10270,
8,1.70693,0.10210,
9,1.70911,0.10224,
